faturamento,tempo
22.988656,88.099884
13.983982,75.129938
19.834573,86.648599
18.874949,84.828383
15.849892,81.746383
13.759219,77.937611
15.125478,80.547181